d,round,method,mean,se
8,0,gitbo_tabpfn,-0.7876425960164978,0.09873540634847602
8,0,gp_bo_kb,-0.7876425960206423,0.09873540635240932
8,0,gp_kb,-0.7876425960209235,0.09873540635228835
8,0,gp_lp,-0.7876425960199138,0.09873540635249028
8,0,gp_qlognei,-0.7876425960203322,0.09873540635244137
8,0,lhs,-0.7876425960269533,0.09873540635220378
8,0,tabpfn_kb,-0.7876425960246681,0.09873540635264093
8,0,tabpfn_lp,-0.7876425960145177,0.09873540634892233
8,0,turbo,-0.7876425960231355,0.09873540635181953
8,1,gitbo_tabpfn,0.30169285474166074,0.04798936746174854
8,1,gp_bo_kb,0.37727970365653035,0.042226423626899455
8,1,gp_kb,0.35976184968427966,0.04376261650812667
8,1,gp_lp,0.3854672790808341,0.042730775608251684
8,1,gp_qlognei,0.3970039246585369,0.04177401650098258
8,1,lhs,-0.4773988014354579,0.06758841469550493
8,1,tabpfn_kb,0.29747832236144445,0.04850131180255238
8,1,tabpfn_lp,0.3661763051249724,0.0477411268451035
8,1,turbo,0.35932192375156985,0.04279963327828083
8,2,gitbo_tabpfn,0.6986544958645604,0.03250645934912552
8,2,gp_bo_kb,0.7540400017630686,0.021956150116692722
8,2,gp_kb,0.7523157864529291,0.02674126561816388
8,2,gp_lp,0.7614639119229247,0.025294106786085027
8,2,gp_qlognei,0.7574636313872416,0.024298102953256177
8,2,lhs,-0.2663609194020736,0.04277411301044009
8,2,tabpfn_kb,0.7063066938876842,0.03164249154889619
8,2,tabpfn_lp,0.7430385194554774,0.03053308299349836
8,2,turbo,0.7467535949607191,0.02829530542978779
8,3,gitbo_tabpfn,0.8841115432031316,0.013053071466325962
8,3,gp_bo_kb,0.8964716144096616,0.010509683675062829
8,3,gp_kb,0.8744307136962917,0.017624444755795894
8,3,gp_lp,0.8967960399857736,0.01215316002189112
8,3,gp_qlognei,0.8890875839126362,0.013554492751301897
8,3,lhs,-0.09648504842876925,0.024124706841960334
8,3,tabpfn_kb,0.8831109038927597,0.01303043629291228
8,3,tabpfn_lp,0.8763648472930325,0.0198430817602733
8,3,turbo,0.8949339613064584,0.017073911582428377
8,4,gitbo_tabpfn,0.9518887606752935,0.007896338177880047
8,4,gp_bo_kb,0.9427006084166333,0.010135076866982078
8,4,gp_kb,0.9577593031986733,0.011033407270889596
8,4,gp_lp,0.9533604266986053,0.00824351184190041
8,4,gp_qlognei,0.948433892267946,0.007729851930836618
8,4,lhs,0.0,0.0
8,4,tabpfn_kb,0.9591120953694123,0.007717930102369293
8,4,tabpfn_lp,0.9385614671764652,0.016064109534111314
8,4,turbo,0.965681582148259,0.009494281270812279
20,0,gitbo_tabpfn,-0.6583725310228313,0.08355392799594481
20,0,gp_bo_kb,-0.6583723496179965,0.08355397993845393
20,0,gp_kb,-0.6583725308688653,0.08355392801968975
20,0,gp_lp,-0.6583723496195601,0.08355397993860963
20,0,gp_qlognei,-0.6583723496178666,0.08355397993847369
20,0,lhs,-0.6583723497703301,0.08355397991488664
20,0,tabpfn_kb,-0.6583725310228153,0.08355392799597314
20,0,tabpfn_lp,-0.6583725310226416,0.08355392799598342
20,0,turbo,-0.6583725310206612,0.08355392799593137
20,1,gitbo_tabpfn,0.07237018476454202,0.06879108351653895
20,1,gp_bo_kb,0.24970224599564456,0.050113530170937726
20,1,gp_kb,0.2002173356340363,0.06739670804896933
20,1,gp_lp,0.23689808862266776,0.06202144089835235
20,1,gp_qlognei,0.2715112341090423,0.050859434732131704
20,1,lhs,-0.37314296326728263,0.04839279943943125
20,1,tabpfn_kb,0.20974861982586787,0.04636346263231673
20,1,tabpfn_lp,-0.030805689075908128,0.07593070285521658
20,1,turbo,0.2616285271490189,0.054362828195236336
20,2,gitbo_tabpfn,0.42203027275602256,0.06327097136024469
20,2,gp_bo_kb,0.6453427684295396,0.03229602801829887
20,2,gp_kb,0.6051538390306039,0.03399886201746019
20,2,gp_lp,0.6491870286104058,0.03573006651238543
20,2,gp_qlognei,0.6510256293394823,0.03551505559812779
20,2,lhs,-0.166081491739809,0.03427851277436274
20,2,tabpfn_kb,0.6363172965096101,0.03681258800528699
20,2,tabpfn_lp,0.5086316535701041,0.06315663143389562
20,2,turbo,0.6267883636289826,0.04158360105641056
20,3,gitbo_tabpfn,0.6155501060743118,0.05607842073255818
20,3,gp_bo_kb,0.8240521850195653,0.023527035210740392
20,3,gp_kb,0.8122170544576317,0.022105932458866186
20,3,gp_lp,0.8392531300643942,0.021081807258170136
20,3,gp_qlognei,0.8475156643379165,0.02146895185125677
20,3,lhs,-0.08504657119520734,0.025296922739510258
20,3,tabpfn_kb,0.8701069560732078,0.019744779167575856
20,3,tabpfn_lp,0.779683813352612,0.03664268743076948
20,3,turbo,0.8387244762333298,0.018466206488809457
20,4,gitbo_tabpfn,0.735893787274836,0.04304844354649005
20,4,gp_bo_kb,0.9158808775724703,0.018033952659333812
20,4,gp_kb,0.920339640504157,0.017584326090434085
20,4,gp_lp,0.9364722534834155,0.012181888548264488
20,4,gp_qlognei,0.9482746053481877,0.011641201559881516
20,4,lhs,0.0,0.0
20,4,tabpfn_kb,0.9579984505056058,0.011529250600659883
20,4,tabpfn_lp,0.9200321967932567,0.019865428774458807
20,4,turbo,0.9293297088556336,0.01421849208809103
40,0,gitbo_tabpfn,-0.6433878893765143,0.0695031789003678
40,0,gp_bo_kb,-0.6433878879649741,0.06950317888171406
40,0,gp_kb,-0.6433878849855668,0.06950317868313433
40,0,gp_lp,-0.6433878880749073,0.06950317885662215
40,0,gp_qlognei,-0.643387889270242,0.0695031789256438
40,0,lhs,-0.6433878851074419,0.06950317866040526
40,0,saasbo,-0.6433878922216792,0.06950317912141134
40,0,tabpfn_kb,-0.6433878893639522,0.06950317890014102
40,0,tabpfn_lp,-0.6433878893766267,0.0695031789003484
40,0,turbo,-0.6433878891428428,0.06950317894757994
40,1,gitbo_tabpfn,-0.2651112274467822,0.07752099428926547
40,1,gp_bo_kb,0.09619628767164949,0.04335282771135072
40,1,gp_kb,-0.037609871727326924,0.0482585650022705
40,1,gp_lp,0.03420678234760345,0.05225145902520415
40,1,gp_qlognei,0.11474650515171707,0.03982342019286001
40,1,lhs,-0.4030559121762625,0.05640710452257252
40,1,saasbo,0.06019172860610063,0.056422670849475776
40,1,tabpfn_kb,0.10158285974879902,0.04332888125976415
40,1,tabpfn_lp,-0.2116332580093669,0.06443536251444126
40,1,turbo,0.11689852199611779,0.03726332372339909
40,2,gitbo_tabpfn,-0.0053215414753975815,0.0671293952481253
40,2,gp_bo_kb,0.49546099085794026,0.03595039673526448
40,2,gp_kb,0.3736173820997442,0.04214927652537271
40,2,gp_lp,0.3271531502498536,0.05603737905915419
40,2,gp_qlognei,0.5643227731742628,0.034285272478163174
40,2,lhs,-0.22991464533321904,0.032835325842815816
40,2,saasbo,0.4971771589863601,0.048263708282942984
40,2,tabpfn_kb,0.5305248610576858,0.03329641777149818
40,2,tabpfn_lp,0.27513760123975484,0.0651872328814151
40,2,turbo,0.5261826358099743,0.03313735321766814
40,3,gitbo_tabpfn,0.19327433050946788,0.05930727022574801
40,3,gp_bo_kb,0.7553005041629943,0.029458649671543095
40,3,gp_kb,0.6756189056903278,0.03861248171896816
40,3,gp_lp,0.553703372541954,0.0554667753455439
40,3,gp_qlognei,0.8196239722256982,0.025745703324772325
40,3,lhs,-0.10360389418793674,0.021557492946795917
40,3,saasbo,0.7602859415736369,0.028779304269325127
40,3,tabpfn_kb,0.7625293531569846,0.028938792915545526
40,3,tabpfn_lp,0.6185298635314274,0.0409797564025599
40,3,turbo,0.7534172726523547,0.023860096118638638
40,4,gitbo_tabpfn,0.32335898237495597,0.053081634705544535
40,4,gp_bo_kb,0.8983790022630588,0.020482779666145944
40,4,gp_kb,0.8633628888697013,0.02609588188043556
40,4,gp_lp,0.7178256724763756,0.050597166179213
40,4,gp_qlognei,0.9534689561963416,0.014007152268169518
40,4,lhs,0.020064716075868128,0.011506543903054885
40,4,saasbo,0.9328953753729406,0.011748660389440274
40,4,tabpfn_kb,0.9454139822451483,0.013863676131152696
40,4,tabpfn_lp,0.8079215589710971,0.03631536155927615
40,4,turbo,0.8983560454180302,0.015028729245102734
80,0,gitbo_tabpfn,-0.3752222022433575,0.03623905831231491
80,0,gp_bo_kb,-0.3752222022433642,0.03623905831231336
80,0,gp_kb,-0.3752222022433728,0.03623905831231132
80,0,gp_lp,-0.37522220224333713,0.036239058312304596
80,0,gp_qlognei,-0.37522220224336256,0.036239058312313034
80,0,lhs,-0.3752222022433498,0.036239058312301446
80,0,tabpfn_kb,-0.37522220224336456,0.03623905831231245
80,0,tabpfn_lp,-0.3752222022433408,0.03623905831230235
80,0,turbo,-0.3752222022433364,0.03623905831230475
80,1,gitbo_tabpfn,-0.19235382246177757,0.03976585528625142
80,1,gp_bo_kb,0.10489107138507951,0.02586628727835336
80,1,gp_kb,0.026134519259027912,0.03549584712857037
80,1,gp_lp,0.07016091224270328,0.03808138466682257
80,1,gp_qlognei,0.11959158715451916,0.028030719436297598
80,1,lhs,-0.10673216351028611,0.05309413459296909
80,1,tabpfn_kb,0.1342089324880445,0.04230468903995594
80,1,tabpfn_lp,-0.10594605533736394,0.04016574003495468
80,1,turbo,0.13835542103452333,0.029708230923169352
80,2,gitbo_tabpfn,-0.05994319640291814,0.030861400207585137
80,2,gp_bo_kb,0.4294709245865856,0.034776836464367036
80,2,gp_kb,0.30374542023273615,0.04252961861781339
80,2,gp_lp,0.1785157626085887,0.048811945044891926
80,2,gp_qlognei,0.4319163590245241,0.04152441325050047
80,2,lhs,0.05099864710159576,0.052324732519223593
80,2,tabpfn_kb,0.5355634542920307,0.028863467747485064
80,2,tabpfn_lp,0.13713272775795743,0.047832819329508766
80,2,turbo,0.4059151124091313,0.03369826252173719
80,3,gitbo_tabpfn,0.016626490847243318,0.027170793066860627
80,3,gp_bo_kb,0.6404798606890175,0.028389502676915968
80,3,gp_kb,0.5383171210974652,0.042541660392938246
80,3,gp_lp,0.30767500792696956,0.05559803711430026
80,3,gp_qlognei,0.6626882180701049,0.03785582440425157
80,3,lhs,0.14898717141157317,0.035606225824662344
80,3,tabpfn_kb,0.7729647508173194,0.02238019193759739
80,3,tabpfn_lp,0.39870909007916,0.038947135011799326
80,3,turbo,0.659263708519576,0.029481855357513832
80,4,gitbo_tabpfn,0.05874825567065313,0.023209065630243015
80,4,gp_bo_kb,0.8162932236008815,0.028707702451988486
80,4,gp_kb,0.7096345593675419,0.04204980487322336
80,4,gp_lp,0.37615226153841463,0.06342824740646988
80,4,gp_qlognei,0.8534052884458726,0.029539787218880918
80,4,lhs,0.20346333266696587,0.03960530367270241
80,4,tabpfn_kb,0.9830287022934812,0.008416580501859564
80,4,tabpfn_lp,0.5902175587719303,0.037878066364394176
80,4,turbo,0.8482861105415764,0.021550785718130225
120,0,gitbo_tabpfn,-0.22478458386556915,0.04249573212219791
120,0,gp_bo_kb,-0.22478458386559524,0.042495732122193555
120,0,gp_kb,-0.22478458386557496,0.04249573212219763
120,0,gp_lp,-0.22478458386559116,0.0424957321221937
120,0,gp_qlognei,-0.22478458386557384,0.042495732122197705
120,0,lhs,-0.2247845838655898,0.04249573212219386
120,0,tabpfn_kb,-0.2247845838655674,0.04249573212219809
120,0,tabpfn_lp,-0.22478458386556607,0.042495732122198225
120,0,turbo,-0.2247845838655913,0.0424957321221937
120,1,gitbo_tabpfn,-0.08634544361187882,0.02110744703505907
120,1,gp_bo_kb,0.15093594024022283,0.037189147763172795
120,1,gp_kb,0.03742813037233643,0.04901531425096313
120,1,gp_lp,0.09317905128046447,0.04914459513718265
120,1,gp_qlognei,0.14499189419399214,0.047690272977314416
120,1,lhs,-0.034719642957343894,0.034005793645253454
120,1,tabpfn_kb,0.13815705550306467,0.0422877910016819
120,1,tabpfn_lp,0.03235423490152727,0.04025916663648317
120,1,turbo,0.1433305474592667,0.043239404751797605
120,2,gitbo_tabpfn,-0.0496717413643527,0.021843257121464496
120,2,gp_bo_kb,0.33456142458170574,0.03866439357204197
120,2,gp_kb,0.20816018662257307,0.0461863571103149
120,2,gp_lp,0.16078532287794792,0.04883059053491873
120,2,gp_qlognei,0.3719657899900704,0.04641815270012426
120,2,lhs,0.055959964094794146,0.03784917446773992
120,2,tabpfn_kb,0.47442330984984843,0.03359077989149021
120,2,tabpfn_lp,0.1454169171826411,0.04044554151880646
120,2,turbo,0.39455198751339304,0.04329003572202698
120,3,gitbo_tabpfn,0.005345597232163985,0.017638216367722965
120,3,gp_bo_kb,0.5257098001262108,0.047949904184534334
120,3,gp_kb,0.40673515858603004,0.04176409351953816
120,3,gp_lp,0.18485396836664375,0.04841288205857491
120,3,gp_qlognei,0.5886780803745925,0.042464849873609996
120,3,lhs,0.1206712326629529,0.04094224026718849
120,3,tabpfn_kb,0.7178535652779943,0.023025641423173905
120,3,tabpfn_lp,0.31362248632665707,0.04547183552439235
120,3,turbo,0.5940864426977933,0.04348251741428929
120,4,gitbo_tabpfn,0.038627177563844026,0.013323483468695193
120,4,gp_bo_kb,0.6823594849358374,0.05006896993286571
120,4,gp_kb,0.6455861791653302,0.055813274454641265
120,4,gp_lp,0.2232647967947278,0.04810173439496962
120,4,gp_qlognei,0.7574336841734105,0.03397369597074491
120,4,lhs,0.1793135061190892,0.03386450948541242
120,4,tabpfn_kb,0.955327097511663,0.01627466480323016
120,4,tabpfn_lp,0.5287856563202661,0.045953237696820214
120,4,turbo,0.7461864459065661,0.039976620343210735
