d,embedding,method,score
40,intrinsic,gp_bo_kb,0.8809518396481033
40,intrinsic,gp_kb,0.8391909510616156
40,intrinsic,gp_qlognei,0.9365975757695348
40,intrinsic,lhs,0.0
40,intrinsic,tabpfn_kb,0.929422484439074
40,intrinsic,tabpfn_lp,0.8155477751057632
40,ambient,gp_bo_kb,0.9577330769747153
40,ambient,gp_kb,0.9451883236095322
40,ambient,gp_qlognei,0.9670098442509536
40,ambient,lhs,0.0
40,ambient,tabpfn_kb,0.9507704988393723
40,ambient,tabpfn_lp,0.9701863418850772
40,rotate,gp_bo_kb,0.9081934640767717
40,rotate,gp_kb,0.8842375489166431
40,rotate,gp_qlognei,0.9389541934965242
40,rotate,lhs,0.0
40,rotate,tabpfn_kb,0.8396606846888393
40,rotate,tabpfn_lp,0.821380074406917
120,intrinsic,gp_bo_kb,0.5608707240639147
120,intrinsic,gp_kb,0.511415589146008
120,intrinsic,gp_qlognei,0.6611487643584149
120,intrinsic,lhs,0.025553579728256802
120,intrinsic,tabpfn_kb,0.9358831253607732
120,intrinsic,tabpfn_lp,0.4580608926044423
120,ambient,gp_bo_kb,0.9606486585154848
120,ambient,gp_kb,0.9554038616143842
120,ambient,gp_qlognei,0.9530169736640126
120,ambient,lhs,0.0
120,ambient,tabpfn_kb,0.9658388505791613
120,ambient,tabpfn_lp,0.9579759864076329
120,rotate,gp_bo_kb,0.8036912286589363
120,rotate,gp_kb,0.8362076762853251
120,rotate,gp_qlognei,0.8918468385229732
120,rotate,lhs,0.11725143250331713
120,rotate,tabpfn_kb,0.8033764430680339
120,rotate,tabpfn_lp,0.7201868164119081
