ess_p,w_conc,mean,median,ci_lo,ci_hi,wins,n,p,holm
0.05,0.1,0.020429479862353394,0.0319417857434669,-0.053112535794967435,0.09372669210162485,11,20,0.8238029479980469,1.0
0.05,0.7,-0.01946495624932676,-0.00717692946296461,-0.13418971603582897,0.11549355219878044,9,20,0.8238029479980469,1.0
0.05,5.0,0.04775515912490967,-0.017975959538546027,-0.0750234348196855,0.18915304693909424,9,20,0.8238029479980469,1.0
0.35,0.1,0.22791001663346497,0.10150919361008609,0.07764591954405649,0.39553582924175446,15,20,0.04138946533203125,0.2483367919921875
0.35,0.7,0.3750124012968584,0.38852317830023864,0.22167677523894946,0.5295614157180526,16,20,0.01181793212890625,0.08272552490234375
0.35,5.0,0.375304597587426,0.3881369319539717,0.2116523250909038,0.5292634446686536,17,20,0.0025768280029296875,0.023191452026367188
0.7,0.1,0.3069751098012712,0.4507565048138265,0.04468228681572548,0.5514751600055189,14,20,0.11531829833984375,0.5765914916992188
0.7,0.7,0.33475596865513946,0.3592849897295011,0.11934002560944514,0.5322231142204764,17,20,0.0025768280029296875,0.023191452026367188
0.7,5.0,0.0350946865214243,-0.08092315296093802,-0.1430048600889752,0.2216619531165122,9,20,0.8238029479980469,1.0
