file,config,rows,campaigns,scenarios,seeds,arms
P1A,d20_w96_k8x3_cv0.06,4500,900,20,5,9
P1A,d40_w96_k8x3_cv0.06,5000,1000,20,5,10
P1A,d8_w96_k8x3_cv0.06,4500,900,20,5,9
P3,d120_w96_k8x3_cv0.06,4500,900,20,5,9
P3,d80_w96_k8x3_cv0.06,4500,900,20,5,9
B1,d120_w96_k8x3_cv0.06,1800,360,20,3,6
B1,d120_w96_k8x3_cv0.06_ambient,1800,360,20,3,6
B1,d120_w96_k8x3_cv0.06_rotate,1800,360,20,3,6
B1,d40_w96_k8x3_cv0.06,1800,360,20,3,6
B1,d40_w96_k8x3_cv0.06_ambient,1800,360,20,3,6
B1,d40_w96_k8x3_cv0.06_rotate,1800,360,20,3,6
B0,d40_w96_k8x3_cv0.06,20,4,2,1,2
B0,d40_w96_k8x3_cv0.06_ambient,20,4,2,1,2
B0,d40_w96_k8x3_cv0.06_rotate,20,4,2,1,2
P2,d120_w96_k8x3_cv0.06,450,90,5,3,6
P2,d80_w96_k8x3_cv0.06,450,90,5,3,6
S,d40_w96_k8x3_cv0.06,30,6,2,1,3
