d,reference,mean,median,ci_lo,ci_hi,wins,n,p,holm
8,gp_bo_kb,0.01641148695277917,0.024779159707150666,-0.009953485727400587,0.04250372109929508,12,20,0.5034446716308594,1.0
8,gp_qlognei,0.010678203101466171,0.008880858070550501,-0.009230451322951028,0.03131393234113614,12,20,0.5034446716308594,1.0
8,tabpfn_lp,0.020550628192947045,0.006063734695121559,-0.006594670468890391,0.05325313356149518,11,20,0.8238029479980469,1.0
8,gp_kb,0.0013527921707387814,-0.00774829566357349,-0.023066411329259982,0.028998333951561765,8,20,0.5034446716308594,1.0
20,gp_bo_kb,0.04211757293313574,0.01851260066445498,6.768439330779506e-05,0.08605577739912715,14,20,0.11531829833984375,0.34595489501953125
20,gp_qlognei,0.00972384515741836,-0.004598434992641343,-0.015213124550422674,0.03683552681038724,8,20,0.5034446716308594,1.0
20,tabpfn_lp,0.037966253712349365,0.018654245166754235,-0.00124050078489096,0.08100631085609257,13,20,0.26317596435546875,1.0
20,gp_kb,0.037658810001449154,0.011288623959444521,0.004299866472752628,0.07264358375818478,11,20,0.8238029479980469,1.0
40,gp_bo_kb,0.047034979982089276,0.02402663276275918,-0.0034289621011027913,0.10500673237401677,12,20,0.5034446716308594,1.0
40,gp_qlognei,-0.008054973951193423,-0.010846057445053015,-0.04807740051909275,0.03448805368240831,9,20,0.8238029479980469,1.0
40,tabpfn_lp,0.137492423274051,0.1063148436846551,0.06651614069784025,0.22044698411008856,18,20,0.0004024505615234375,0.0032196044921875
40,gp_kb,0.08205109337544682,0.0675887150653029,0.021696910146099986,0.14224544884628473,15,20,0.04138946533203125,0.12416839599609375
80,gp_bo_kb,0.16673547869259958,0.1746166787781362,0.10156119236421533,0.2313121210844758,16,20,0.01181793212890625,0.047271728515625
80,gp_qlognei,0.12962341384760864,0.11377100736403417,0.070543570322945,0.19589582985368567,16,20,0.01181793212890625,0.0709075927734375
80,tabpfn_lp,0.39281114352155083,0.3946541693839261,0.3099881972093122,0.476873539798401,20,20,1.9073486328125e-06,1.9073486328125e-05
80,gp_kb,0.27339414292593933,0.24030631062649255,0.18485073882791322,0.36263124668710606,18,20,0.0004024505615234375,0.0020122528076171875
120,gp_bo_kb,0.27296761257582564,0.2964654395346281,0.17102897883912632,0.38256792502258813,18,20,0.0004024505615234375,0.0020122528076171875
120,gp_qlognei,0.19789341333825244,0.22947196619149013,0.12051428629293656,0.2727725415003879,17,20,0.0025768280029296875,0.018037796020507812
120,tabpfn_lp,0.42654144119139686,0.45917623969844507,0.3327454567002479,0.5118162443127785,19,20,4.00543212890625e-05,0.0003604888916015625
120,gp_kb,0.30974091834633277,0.27814602557472623,0.19701865389136727,0.4274571722545773,17,20,0.0025768280029296875,0.01030731201171875
