d,reference,metric,mean,median,ci_lo,ci_hi,wins,n,p
8,gp_bo_kb,raw biomass,-0.022044153269010814,0.006592004805788809,-0.06992960040019394,0.01817428237921562,12,20,0.5034446716308594
8,gp_bo_kb,relative biomass,0.0003371372040568366,0.001854974359088657,-0.002167724996861256,0.002778087263589103,12,20,0.5034446716308594
8,gp_qlognei,raw biomass,0.006900145884522857,0.006393398754312329,-0.025129672683115438,0.03722520379479421,12,20,0.5034446716308594
8,gp_qlognei,relative biomass,0.0006820723551645092,0.0007739165342642851,-0.0013741702074208508,0.002726029505563012,12,20,0.5034446716308594
8,tabpfn_lp,raw biomass,-0.012858385837249053,0.00705316599796646,-0.08106644990154345,0.03787726167204714,11,20,0.8238029479980469
8,tabpfn_lp,relative biomass,0.001119675313527324,0.00023168809660056855,-0.0010508237884766798,0.0033778768470994433,11,20,0.8238029479980469
8,gp_kb,raw biomass,-0.013062111267381637,-0.005093250346524858,-0.05227624456246704,0.023629766320227476,8,20,0.5034446716308594
8,gp_kb,relative biomass,0.0002501614389213147,-0.0003772781792229507,-0.00244566782160128,0.003370575642889314,8,20,0.5034446716308594
20,gp_bo_kb,raw biomass,0.011745073667287182,0.023135131535542808,-0.082211930526772,0.10657268449950359,14,20,0.11531829833984375
20,gp_bo_kb,relative biomass,0.0028097782337322963,0.0037301341673399158,-0.0021753342104548256,0.0077752054865983895,14,20,0.11531829833984375
20,gp_qlognei,raw biomass,0.057933952647269235,-0.0017363423356395735,-0.05097213673607609,0.2164959771234917,8,20,0.5034446716308594
20,gp_qlognei,relative biomass,0.0015201673820165352,-0.00040187467910263175,-0.002122435389620722,0.005586935006850229,8,20,0.5034446716308594
20,tabpfn_lp,raw biomass,0.055658980301458195,0.02289312474119498,-0.013500249863409683,0.13058900283555328,13,20,0.26317596435546875
20,tabpfn_lp,relative biomass,0.005542953929290051,0.0014788809227780364,-4.611961124780725e-05,0.01186032695144871,13,20,0.26317596435546875
20,gp_kb,raw biomass,0.055511518508441306,0.004178044602888953,-0.04140932306691725,0.17350987880103294,11,20,0.8238029479980469
20,gp_kb,relative biomass,0.003152523545693281,0.0014183058247703162,-0.0009186452634554995,0.007352375998009395,11,20,0.8238029479980469
40,gp_bo_kb,raw biomass,-0.16743105652705084,0.020601249591745807,-1.0020677725424252,0.39365701209059695,12,20,0.5034446716308594
40,gp_bo_kb,relative biomass,0.008692218398448016,0.0034988628634305963,-0.0031412396976278796,0.02016851159718662,12,20,0.5034446716308594
40,gp_qlognei,raw biomass,-0.3047949370281017,-0.00788771417205747,-0.8188131077783074,0.05062198424036108,9,20,0.8238029479980469
40,gp_qlognei,relative biomass,-0.0035133303904028245,-0.0034437857952621664,-0.012455733036836612,0.005880387261321017,9,20,0.8238029479980469
40,tabpfn_lp,raw biomass,0.4287402386717988,0.27679660705346354,-0.26393588584465905,1.0115730664013058,18,20,0.0004024505615234375
40,tabpfn_lp,relative biomass,0.03752802262649686,0.02514692383520989,0.015338776722257915,0.0656125334473093,18,20,0.0004024505615234375
40,gp_kb,raw biomass,-0.150196247216293,0.15360490837486074,-1.092782818691393,0.43825443794328167,15,20,0.04138946533203125
40,gp_kb,relative biomass,0.018465134628550213,0.01684035809085971,0.0025286892216238037,0.035117589821049545,15,20,0.04138946533203125
80,gp_bo_kb,raw biomass,1.2558973052165212,0.5412270217208284,0.4001773633321622,2.23315747844116,16,20,0.01181793212890625
80,gp_bo_kb,relative biomass,0.08649045524813435,0.07582822382141563,0.05221184377926551,0.12232707393434511,16,20,0.01181793212890625
80,gp_qlognei,raw biomass,0.9182610791485937,0.3404855265671942,0.29655723524698496,1.5983875561072607,16,20,0.01181793212890625
80,gp_qlognei,relative biomass,0.06210728022163895,0.05471819294434266,0.03489891327545496,0.09237291663249035,16,20,0.01181793212890625
80,tabpfn_lp,raw biomass,2.959872323694629,1.481948106843591,1.5130256096937917,4.722657871546888,20,20,1.9073486328125e-06
80,tabpfn_lp,relative biomass,0.21437456771941904,0.21797702944976205,0.15835047133419486,0.2772246918125116,20,20,1.9073486328125e-06
80,gp_kb,raw biomass,2.324683677278805,0.9187295472183301,1.0462295438981672,3.8269047630834625,18,20,0.0004024505615234375
80,gp_kb,relative biomass,0.15327457195833266,0.12531171669942687,0.09721072482915191,0.2108760943355598,18,20,0.0004024505615234375
120,gp_bo_kb,raw biomass,1.8268638016093477,0.9310998821652059,0.5034000291795686,3.273145425973525,18,20,0.0004024505615234375
120,gp_bo_kb,relative biomass,0.20454498981673724,0.20391597037669917,0.12415604927398594,0.291216492508728,18,20,0.0004024505615234375
120,gp_qlognei,raw biomass,0.9059280656317277,0.7979948996457744,-0.09604565268513666,1.953045763373216,17,20,0.0025768280029296875
120,gp_qlognei,relative biomass,0.13601720180918633,0.1280019254833642,0.07962803539601797,0.19724239212411668,17,20,0.0025768280029296875
120,tabpfn_lp,raw biomass,2.8348530364690463,1.4901680612185995,1.2229173507286197,4.692842684526576,19,20,4.00543212890625e-05
120,tabpfn_lp,relative biomass,0.33597772663936754,0.3205690095595525,0.24598964374309767,0.42933936483725965,19,20,4.00543212890625e-05
120,gp_kb,raw biomass,2.77416932217208,1.212219530674936,1.2254203059335265,4.745132159473318,17,20,0.0025768280029296875
120,gp_kb,relative biomass,0.2491329969374791,0.18033098246096324,0.1511489817080709,0.3541754011411219,17,20,0.0025768280029296875
