d,method,score,raw_mean
8,gitbo_tabpfn,0.9518887606752935,16.11255921069767
8,gp_bo_kb,0.9427006084166333,16.136556655630912
8,gp_kb,0.9577593031986733,16.127574613629285
8,gp_lp,0.9533604266986053,16.116599347695562
8,gp_qlognei,0.948433892267946,16.10761235647738
8,lhs,0.0,14.43402815316568
8,tabpfn_kb,0.9591120953694123,16.114512502361908
8,tabpfn_lp,0.9385614671764652,16.12737088819915
8,turbo,0.965681582148259,16.146535260739796
20,gitbo_tabpfn,0.735893787274836,14.964223233463219
20,gp_bo_kb,0.9158808775724703,15.464467342541067
20,gp_kb,0.920339640504157,15.420700897699913
20,gp_lp,0.9364722534834155,15.4306063645492
20,gp_qlognei,0.9482746053481877,15.418278463561085
20,lhs,0.0,13.01401098672747
20,tabpfn_kb,0.9579984505056058,15.476212416208355
20,tabpfn_lp,0.9200321967932567,15.4205534359069
20,turbo,0.9293297088556336,15.396198289381152
40,gitbo_tabpfn,0.32335898237495597,20.72998753835548
40,gp_bo_kb,0.8983790022630588,25.300991115555608
40,gp_kb,0.8633628888697013,25.28375630624485
40,gp_lp,0.7178256724763756,24.71034783377942
40,gp_qlognei,0.9534689561963416,25.43835499605666
40,lhs,0.020064716075868128,18.597300535013456
40,saasbo,0.9328953753729406,25.371404115980617
40,tabpfn_kb,0.9454139822451483,25.13356005902856
40,tabpfn_lp,0.8079215589710971,24.70481982035676
40,turbo,0.8983560454180302,25.044949334055868
80,gitbo_tabpfn,0.05874825567065313,9.952545474512446
80,gp_bo_kb,0.8162932236008815,16.38694821837876
80,gp_kb,0.7096345593675419,15.318161846316476
80,gp_lp,0.37615226153841463,12.39972807471601
80,gp_qlognei,0.8534052884458726,16.724584444446684
80,lhs,0.20346333266696587,11.479334648319583
80,tabpfn_kb,0.9830287022934812,17.642845523595284
80,tabpfn_lp,0.5902175587719303,14.68297319990065
80,turbo,0.8482861105415764,16.40824578196494
120,gitbo_tabpfn,0.038627177563844026,6.605870930303856
120,gp_bo_kb,0.6823594849358374,12.902001377528638
120,gp_kb,0.6455861791653302,11.954695856965907
120,gp_lp,0.2232647967947278,8.560853344810685
120,gp_qlognei,0.7574336841734105,13.822937113506256
120,lhs,0.1793135061190892,7.828545229640395
120,tabpfn_kb,0.955327097511663,14.728865179137987
120,tabpfn_lp,0.5287856563202661,11.894012142668942
120,turbo,0.7461864459065661,13.881827382462067
