n_sub,method,device_actual,mean,median
8,gitbo_tabpfn,NVIDIA A10,8.382887963410262,8.348438382148743
8,gitbo_tabpfn,NVIDIA A10G,8.812467813491821,8.82871127128601
8,gp_bo_kb,cpu,3.957766454219818,3.461001753807068
8,gp_kb,cpu,8.543448068499565,8.096782684326172
8,gp_lp,cpu,7.779875165224075,6.621853470802307
8,gp_qlognei,cpu,57.641295038461685,45.1341495513916
8,lhs,cpu,0.0005766427516936783,0.00057053565979
8,tabpfn_kb,NVIDIA A10,7.298744483963474,7.252787709236145
8,tabpfn_kb,NVIDIA A10G,7.6554357873068914,7.545839309692383
8,tabpfn_lp,NVIDIA A10,0.3653703094810568,0.3636113405227661
8,tabpfn_lp,NVIDIA A10G,0.3791820406913757,0.3785889148712158
8,turbo,cpu,2.877951617836952,2.280866503715515
20,gitbo_tabpfn,NVIDIA A10,12.055395413231064,12.051382541656494
20,gitbo_tabpfn,NVIDIA A10G,12.894132799572414,12.837590217590332
20,gp_bo_kb,cpu,6.774467996358871,5.335153222084045
20,gp_kb,cpu,23.50324994981289,18.12460172176361
20,gp_lp,cpu,22.9559647077322,17.5452823638916
20,gp_qlognei,cpu,62.32141148686409,50.52478909492493
20,lhs,cpu,0.0006507229804992173,0.0006346702575683
20,tabpfn_kb,NVIDIA A10,9.818528982309195,9.817721128463745
20,tabpfn_kb,NVIDIA A10G,10.26694189839893,10.261781454086304
20,tabpfn_lp,NVIDIA A10,0.4931071355778684,0.4966636896133423
20,tabpfn_lp,NVIDIA A10G,0.5151351690292358,0.519775390625
20,turbo,cpu,5.63574450969696,4.1005085706710815
40,gitbo_tabpfn,NVIDIA A10,18.410279982089996,18.357764959335327
40,gp_bo_kb,cpu,9.412534336447715,7.33328640460968
40,gp_kb,cpu,41.75038659095764,17.824718475341797
40,gp_lp,cpu,37.39178296029568,15.990518450737
40,gp_qlognei,cpu,64.37081112504005,48.786052942276
40,lhs,cpu,0.000781140327453563,0.00077044963836665
40,saasbo,cpu,961.6384119683504,774.1018024682999
40,tabpfn_kb,NVIDIA A10,13.716095733118582,13.872952938079834
40,tabpfn_kb,NVIDIA A10G,14.544687264495426,14.500502943992615
40,tabpfn_lp,NVIDIA A10,0.6929261343819755,0.6933703422546387
40,tabpfn_lp,NVIDIA A10G,0.7105163633823395,0.708532452583313
40,turbo,cpu,8.556795427203179,6.363962411880493
80,gitbo_tabpfn,NVIDIA A10,32.28227368527896,32.12096071243286
80,gitbo_tabpfn,NVIDIA A10G,34.97438027682128,34.58674430847168
80,gp_bo_kb,cpu,11.500613064169883,6.7930015325546265
80,gp_kb,cpu,39.70557080626488,24.763360500335693
80,gp_lp,cpu,33.717336949110035,22.491748809814453
80,gp_qlognei,cpu,83.07344199478626,76.17129504680634
80,lhs,cpu,0.0010466712713241085,0.0010206699371337
80,tabpfn_kb,NVIDIA A10,21.01198014984392,21.19985568523407
80,tabpfn_kb,NVIDIA A10G,22.69848949379391,23.123833775520325
80,tabpfn_lp,NVIDIA A10,1.0357807069211393,1.0441367626190186
80,tabpfn_lp,NVIDIA A10G,1.098655492067337,1.092055082321167
80,turbo,cpu,11.44470618546009,5.6027504205703735
120,gitbo_tabpfn,NVIDIA A10,49.73290430506071,50.62522828578949
120,gitbo_tabpfn,NVIDIA A10G,53.21474685626371,52.76689088344574
120,gp_bo_kb,cpu,9.388687116503716,4.213127851486206
120,gp_kb,cpu,51.59234079837799,34.2669882774353
120,gp_lp,cpu,48.7806546241045,32.535348653793335
120,gp_qlognei,cpu,112.28881323158741,98.12799751758575
120,lhs,cpu,0.0012848728895186931,0.0012887716293334501
120,tabpfn_kb,NVIDIA A10,28.635939482185577,28.936201453208923
120,tabpfn_kb,NVIDIA A10G,30.692957993064606,30.65844488143921
120,tabpfn_lp,NVIDIA A10,1.416240147418446,1.438171148300171
120,tabpfn_lp,NVIDIA A10G,1.4961251595190592,1.528771162033081
120,turbo,cpu,9.283873490691185,3.056639075279236
