d,feature,rho,p_perm,ci_lo,ci_hi,loo_min,loo_max,n,holm_within_dimension,holm_all_ten
120,essential_count,0.5970611590221097,0.0065,0.1754139339176682,0.8069601214026797,0.5403324845144681,0.6643275440032733,20,0.0325,0.058499999999999996
120,mu_max,-0.03157894736842105,0.89631,-0.5019514889470156,0.4537487694405416,-0.12631578947368421,0.12982456140350876,20,1.0,1.0
120,ks_mean,0.3759398496240601,0.10194,-0.028193855694192704,0.7344461305007588,0.3140350877192983,0.4964912280701754,20,0.30582,0.61164
120,ks_cv,-0.5082706766917292,0.02325,-0.7779543829837104,-0.04466144604027163,-0.5649122807017544,-0.4333333333333333,20,0.093,0.186
120,uptake_cv,0.04060150375939849,0.86382,-0.38041907576747785,0.45828751769974746,-0.02982456140350877,0.16315789473684209,20,1.0,1.0
80,essential_count,0.6528223801019523,0.00247,0.27033342624480533,0.8824359724015873,0.5996556599739206,0.726879299839182,20,0.01235,0.0247
80,mu_max,0.10676691729323308,0.65494,-0.41187430301006905,0.6119744813605607,0.008771929824561405,0.2912280701754386,20,1.0,1.0
80,ks_mean,0.05563909774436089,0.8167,-0.4771393274261292,0.5365913847065578,-0.07192982456140351,0.17719298245614035,20,1.0,1.0
80,ks_cv,0.4481203007518797,0.04748,0.011388659450716395,0.7842104086875509,0.356140350877193,0.5701754385964912,20,0.18992,0.33236
80,uptake_cv,-0.08571428571428572,0.71896,-0.6070210771077108,0.4092660296334018,-0.25789473684210523,0.028070175438596492,20,1.0,1.0
