scenario,essential_count,mu_max,ks_mean,ks_cv,uptake_cv,relative_gain,d
20,45,0.3120303850520637,1.1136557569180037,0.41711038842964787,1.2419636316684022,0.43812254885068813,120
21,40,0.5124470355269883,1.0937950228232338,0.5060268101808822,1.1395224373511352,0.2387452064339417,120
22,41,0.3465387661728304,1.0537413419068389,0.4423693574387999,0.887978933862857,0.21566759093498034,120
23,45,0.4775732322629457,1.1438246285545337,0.43773198674548214,1.0700048519846537,0.5560756565846896,120
24,42,0.33210753466772613,1.1310434837370886,0.4445049311981711,1.0890078220928014,0.04085471454783618,120
25,38,0.26428849329280313,1.062849933942044,0.49824498677401985,0.9011129808308976,0.23454282388108738,120
26,45,0.3966395670419618,1.061365634250476,0.4395169585053534,1.4014343308117925,0.29991117244779675,120
27,47,0.47909448659071413,1.1222518639961145,0.4994902592931035,1.2173672328083698,0.3735935312990073,120
28,39,0.5407335743928631,1.0584778907534267,0.443303420039912,1.40485457008756,0.0719555089020465,120
29,37,0.22001878814162756,0.9730799906920677,0.5405745014224349,1.4613049437147714,0.02573561391177792,120
30,44,0.2943195219250131,1.1473451584581646,0.4465638083600125,1.0880651827093994,0.06202020202453573,120
31,42,0.5612687243659441,1.0985466555512864,0.518489782104229,1.1747538845597538,-0.08797780433035118,120
32,46,0.2640971321499072,1.1362895034420675,0.4920377594976071,1.3206177494420175,0.6782787409780595,120
33,51,0.37745689478506683,1.074034933616555,0.4575750506834909,1.1523695529351459,0.31059648500579096,120
34,45,0.20161129739721742,1.1531331168048276,0.4360626001704587,1.1791539264937385,0.192164349818418,120
35,44,0.33517982355348985,1.0678275218066373,0.553664022777441,1.0938124662716853,-0.041622428465922345,120
36,37,0.2722532364896678,0.96341879695013,0.4952546629313557,1.3499684820922238,0.11030185983791196,120
37,39,0.4816612126454278,0.9364479488563069,0.5413814398417774,1.1040261534302414,0.10848258499316077,120
38,39,0.39430441793514703,0.9519585205875254,0.5310432506459594,1.2394171891599257,0.02363797355107944,120
39,43,0.40068478286056325,1.1318544496336223,0.4659114309875119,1.346425625835441,0.23981346512821067,120
20,20,0.3120303850520637,0.94620550073078,0.40867633926355423,1.1872516838946205,-0.003157605668315022,80
21,26,0.5124470355269883,1.072480213044555,0.4899799694416994,1.046456319282305,0.08384621023467465,80
22,27,0.3465387661728304,1.2006166903769275,0.37259174431619857,1.1947966878093763,0.05999624148544069,80
23,30,0.4775732322629457,1.0007685279200442,0.47974119531245935,1.1224608406960712,0.08343750011364226,80
24,37,0.33210753466772613,1.1005919289827089,0.4722213774875096,1.1675245539252213,0.10042064711722598,80
25,28,0.26428849329280313,0.958664087960078,0.5222464047949363,1.5162282523946489,0.14798616455853741,80
26,34,0.3966395670419618,1.101584986318098,0.4302354094471964,1.1457580222982326,0.07120497732514663,80
27,20,0.47909448659071413,1.1491561730791733,0.4703769142207007,1.3333341566708006,-0.03191041125997429,80
28,33,0.5407335743928631,1.2408150750232845,0.4652701281862766,1.083001715844816,0.21018241616389632,80
29,27,0.22001878814162756,0.9519529998912197,0.5417136205836356,1.0977193280385174,0.02170139511585445,80
30,28,0.2943195219250131,1.1286239634126642,0.4404454961454647,1.3564360571393457,0.06129694394906915,80
31,24,0.5612687243659441,1.068742909092205,0.46027261005605297,1.3722880043235999,-0.03933023791263213,80
32,27,0.2640971321499072,1.2147792752070659,0.4408393959834944,1.6216837100514598,0.07991299542836061,80
33,33,0.37745689478506683,1.161288279017917,0.45484755387663767,1.0933689015081223,0.166033759017423,80
34,26,0.20161129739721742,1.0941387793104451,0.4170477068770861,1.0545810966403135,-0.01004142585462342,80
35,35,0.33517982355348985,0.9557339437978923,0.544445163275832,1.6666801734353724,0.2696483254097648,80
36,26,0.2722532364896678,1.1198717198415244,0.4359110812304169,2.0783156563773635,0.11373616335589265,80
37,31,0.4816612126454278,1.0249270590452182,0.4957567851069077,0.9076314727571153,0.20537652949620577,80
38,34,0.39430441793514703,0.9718052810752555,0.5377590851925415,1.0489243553498222,0.07174345221447065,80
39,30,0.40068478286056325,1.0927208363954761,0.4256492412497692,1.1678191618470062,0.06772506467262707,80
