best_obs,best_true,ckpt_sha,config,cuda_version,cv,device_actual,device_req,embed,ess_p,exp_id,k_top,method,n_global,n_local,n_obs,n_rep,n_sub,n_wells,peak_gpu_mem,phase,python,round,scenario,seed,tabpfn_model,torch_version,w_conc,wall_s
30.300953085719552,32.7298168739657,,d80_w96_k8x3_cv0.06,,0.06,cpu,cpu,intrinsic,0.35,v2a,8,saasbo,1200,300,96,3,80,96,0,SM,3.12.10,0,15,0,v2,2.14.0+cu130,0.7,0.464336633682251
36.32990389167812,35.83056988254723,,d80_w96_k8x3_cv0.06,,0.06,cpu,cpu,intrinsic,0.35,v2a,8,saasbo,1200,300,192,3,80,96,0,SM,3.12.10,1,15,0,v2,2.14.0+cu130,0.7,311.63704681396484
43.288674289095546,39.193200832888245,,d80_w96_k8x3_cv0.06,,0.06,cpu,cpu,intrinsic,0.35,v2a,8,saasbo,1200,300,288,3,80,96,0,SM,3.12.10,2,15,0,v2,2.14.0+cu130,0.7,561.8474922180176
43.288674289095546,40.57719958430841,,d80_w96_k8x3_cv0.06,,0.06,cpu,cpu,intrinsic,0.35,v2a,8,saasbo,1200,300,384,3,80,96,0,SM,3.12.10,3,15,0,v2,2.14.0+cu130,0.7,937.1600158214569
43.906491381924155,41.54291087730121,,d80_w96_k8x3_cv0.06,,0.06,cpu,cpu,intrinsic,0.35,v2a,8,saasbo,1200,300,480,3,80,96,0,SM,3.12.10,4,15,0,v2,2.14.0+cu130,0.7,1417.787100315094
1.085117602142734,1.1807030621317653,,d120_w96_k8x3_cv0.06,,0.06,cpu,cpu,intrinsic,0.35,v2a,8,saasbo,1200,300,96,3,120,96,0,SM,3.12.10,0,15,0,v2,2.14.0+cu130,0.7,0.2167038917541504
2.894013341123559,2.904819083549418,,d120_w96_k8x3_cv0.06,,0.06,cpu,cpu,intrinsic,0.35,v2a,8,saasbo,1200,300,192,3,120,96,0,SM,3.12.10,1,15,0,v2,2.14.0+cu130,0.7,397.18385076522827
4.15861566350828,4.712457338232766,,d120_w96_k8x3_cv0.06,,0.06,cpu,cpu,intrinsic,0.35,v2a,8,saasbo,1200,300,288,3,120,96,0,SM,3.12.10,2,15,0,v2,2.14.0+cu130,0.7,643.2303161621094
5.13988888816306,5.627114079687646,,d120_w96_k8x3_cv0.06,,0.06,cpu,cpu,intrinsic,0.35,v2a,8,saasbo,1200,300,384,3,120,96,0,SM,3.12.10,3,15,0,v2,2.14.0+cu130,0.7,1008.8640487194061
5.13988888816306,5.627114079687646,,d120_w96_k8x3_cv0.06,,0.06,cpu,cpu,intrinsic,0.35,v2a,8,saasbo,1200,300,480,3,120,96,0,SM,3.12.10,4,15,0,v2,2.14.0+cu130,0.7,1569.875733613968
