best_obs,best_true,cal_cov80,cal_cov80_edge,cal_cov80_inner,cal_width,cal_width_rel,ckpt_sha,config,cuda_version,cv,device_actual,device_req,exp_id,k_top,method,n_global,n_local,n_obs,n_rep,n_sub,n_wells,peak_gpu_mem,phase,python,round,scenario,seed,tabpfn_model,torch_version,wall_s
19.010596099944493,19.928224858786923,,,,,,,d40_w96_k8x3_cv0.06,,0.06,cpu,cpu,v2a,8,turbo,1200,300,96,3,40,96,0,S,3.12.10,0,16,0,v2,2.14.0+cu130,0.7007794380187988
23.78852296416759,26.241299707096044,,,,,,,d40_w96_k8x3_cv0.06,,0.06,cpu,cpu,v2a,8,turbo,1200,300,192,3,40,96,0,S,3.12.10,1,16,0,v2,2.14.0+cu130,3.7346363067626953
31.657441557589962,29.5767091741162,,,,,,,d40_w96_k8x3_cv0.06,,0.06,cpu,cpu,v2a,8,turbo,1200,300,288,3,40,96,0,S,3.12.10,2,16,0,v2,2.14.0+cu130,5.3739471435546875
31.657441557589962,32.46972602781552,,,,,,,d40_w96_k8x3_cv0.06,,0.06,cpu,cpu,v2a,8,turbo,1200,300,384,3,40,96,0,S,3.12.10,3,16,0,v2,2.14.0+cu130,15.440479516983032
34.25435524252301,32.46972602781552,,,,,,,d40_w96_k8x3_cv0.06,,0.06,cpu,cpu,v2a,8,turbo,1200,300,480,3,40,96,0,S,3.12.10,4,16,0,v2,2.14.0+cu130,38.53063130378723
38.79007664890624,38.284275996110736,,,,,,,d40_w96_k8x3_cv0.06,,0.06,cpu,cpu,v2a,8,turbo,1200,300,96,3,40,96,0,S,3.12.10,0,15,0,v2,2.14.0+cu130,1.0747179985046387
42.35988564212295,43.17853040179626,,,,,,,d40_w96_k8x3_cv0.06,,0.06,cpu,cpu,v2a,8,turbo,1200,300,192,3,40,96,0,S,3.12.10,1,15,0,v2,2.14.0+cu130,5.695903539657593
46.83749908459053,46.57711211090926,,,,,,,d40_w96_k8x3_cv0.06,,0.06,cpu,cpu,v2a,8,turbo,1200,300,288,3,40,96,0,S,3.12.10,2,15,0,v2,2.14.0+cu130,3.532336711883545
51.73547646835652,48.061464711946265,,,,,,,d40_w96_k8x3_cv0.06,,0.06,cpu,cpu,v2a,8,turbo,1200,300,384,3,40,96,0,S,3.12.10,3,15,0,v2,2.14.0+cu130,8.710030794143677
52.84031111995661,48.726365989090496,,,,,,,d40_w96_k8x3_cv0.06,,0.06,cpu,cpu,v2a,8,turbo,1200,300,480,3,40,96,0,S,3.12.10,4,15,0,v2,2.14.0+cu130,25.55598497390747
38.79007664903764,38.28427599624042,,,,,,,d40_w96_k8x3_cv0.06,,0.06,cpu,cpu,v2a,8,saasbo,1200,300,96,3,40,96,0,S,3.12.10,0,15,0,v2,2.14.0+cu130,0.7199075222015381
43.66103241049474,43.178530401795015,,,,,,,d40_w96_k8x3_cv0.06,,0.06,cpu,cpu,v2a,8,saasbo,1200,300,192,3,40,96,0,S,3.12.10,1,15,0,v2,2.14.0+cu130,228.2064757347107
45.47494072468789,45.043620459544734,,,,,,,d40_w96_k8x3_cv0.06,,0.06,cpu,cpu,v2a,8,saasbo,1200,300,288,3,40,96,0,S,3.12.10,2,15,0,v2,2.14.0+cu130,458.09949922561646
47.372451284532936,45.78129130151585,,,,,,,d40_w96_k8x3_cv0.06,,0.06,cpu,cpu,v2a,8,saasbo,1200,300,384,3,40,96,0,S,3.12.10,3,15,0,v2,2.14.0+cu130,808.0365219116211
48.59216005645462,47.68173718672403,,,,,,,d40_w96_k8x3_cv0.06,,0.06,cpu,cpu,v2a,8,saasbo,1200,300,480,3,40,96,0,S,3.12.10,4,15,0,v2,2.14.0+cu130,1220.990932226181
19.010596099944493,19.928224858786923,,,,,,,d40_w96_k8x3_cv0.06,,0.06,cpu,cpu,v2a,8,saasbo,1200,300,96,3,40,96,0,S,3.12.10,0,16,0,v2,2.14.0+cu130,0.6802687644958496
26.885728173403287,26.241299707096044,,,,,,,d40_w96_k8x3_cv0.06,,0.06,cpu,cpu,v2a,8,saasbo,1200,300,192,3,40,96,0,S,3.12.10,1,16,0,v2,2.14.0+cu130,252.0872311592102
28.023694006953345,29.659141401559964,,,,,,,d40_w96_k8x3_cv0.06,,0.06,cpu,cpu,v2a,8,saasbo,1200,300,288,3,40,96,0,S,3.12.10,2,16,0,v2,2.14.0+cu130,473.03961849212646
37.7728926196255,35.11573274999914,,,,,,,d40_w96_k8x3_cv0.06,,0.06,cpu,cpu,v2a,8,saasbo,1200,300,384,3,40,96,0,S,3.12.10,3,16,0,v2,2.14.0+cu130,899.0116910934448
37.7728926196255,39.79414770090071,,,,,,,d40_w96_k8x3_cv0.06,,0.06,cpu,cpu,v2a,8,saasbo,1200,300,480,3,40,96,0,S,3.12.10,4,16,0,v2,2.14.0+cu130,1276.4398317337036
19.010596099944493,19.928224858787683,,,,,,,d40_w96_k8x3_cv0.06,13.0,0.06,NVIDIA A10,cuda,v2a,8,gitbo_tabpfn,1200,300,96,3,40,96,0,S,3.12.10,0,16,0,v2,2.14.0+cu130,0.5955796241760254
32.24987274152304,30.933089419203714,0.5208333333333334,0.6111111111111112,0.4666666666666667,13.647899627685547,4.016863005752488,,d40_w96_k8x3_cv0.06,13.0,0.06,NVIDIA A10,cuda,v2a,8,gitbo_tabpfn,1200,300,192,3,40,96,0,S,3.12.10,1,16,0,v2,2.14.0+cu130,18.88101291656494
34.551313560615775,32.17337875570523,0.4375,0.5277777777777778,0.38333333333333336,14.213322639465332,1.4619556530503037,,d40_w96_k8x3_cv0.06,13.0,0.06,NVIDIA A10,cuda,v2a,8,gitbo_tabpfn,1200,300,288,3,40,96,0,S,3.12.10,2,16,0,v2,2.14.0+cu130,17.25143575668335
34.551313560615775,32.17337875570523,0.8333333333333334,0.8611111111111112,0.8166666666666667,14.218037605285645,1.259947036653782,,d40_w96_k8x3_cv0.06,13.0,0.06,NVIDIA A10,cuda,v2a,8,gitbo_tabpfn,1200,300,384,3,40,96,0,S,3.12.10,3,16,0,v2,2.14.0+cu130,18.50196409225464
35.61104037256224,34.40729355388556,0.7083333333333334,0.75,0.6833333333333333,16.502988815307617,1.37289704872783,,d40_w96_k8x3_cv0.06,13.0,0.06,NVIDIA A10,cuda,v2a,8,gitbo_tabpfn,1200,300,480,3,40,96,0,S,3.12.10,4,16,0,v2,2.14.0+cu130,19.97494387626648
38.79007664890624,38.284275996110736,,,,,,,d40_w96_k8x3_cv0.06,13.0,0.06,NVIDIA A10,cuda,v2a,8,gitbo_tabpfn,1200,300,96,3,40,96,0,S,3.12.10,0,15,0,v2,2.14.0+cu130,0.6688747406005859
48.03098433626611,47.26183224753901,0.16666666666666666,0.1388888888888889,0.18333333333333332,14.595877647399902,2.7767357482403825,,d40_w96_k8x3_cv0.06,13.0,0.06,NVIDIA A10,cuda,v2a,8,gitbo_tabpfn,1200,300,192,3,40,96,0,S,3.12.10,1,15,0,v2,2.14.0+cu130,18.8404643535614
53.61371430692591,50.65087280798038,0.71875,0.7222222222222222,0.7166666666666667,25.97846794128418,1.4963274744076789,,d40_w96_k8x3_cv0.06,13.0,0.06,NVIDIA A10,cuda,v2a,8,gitbo_tabpfn,1200,300,288,3,40,96,0,S,3.12.10,2,15,0,v2,2.14.0+cu130,17.131567001342773
56.86790117531267,51.21420252344151,0.6770833333333334,0.8055555555555556,0.6,39.47279739379883,2.243172383696518,,d40_w96_k8x3_cv0.06,13.0,0.06,NVIDIA A10,cuda,v2a,8,gitbo_tabpfn,1200,300,384,3,40,96,0,S,3.12.10,3,15,0,v2,2.14.0+cu130,18.280172109603882
57.22509739514195,51.21420252344151,0.9479166666666666,1.0,0.9166666666666666,29.270532608032227,1.508330198841822,,d40_w96_k8x3_cv0.06,13.0,0.06,NVIDIA A10,cuda,v2a,8,gitbo_tabpfn,1200,300,480,3,40,96,0,S,3.12.10,4,15,0,v2,2.14.0+cu130,19.674951553344727
