best_obs,best_true,cal_cov80,cal_cov80_edge,cal_cov80_inner,cal_width,cal_width_rel,ckpt_sha,config,cuda_version,cv,device_actual,device_req,embed,exp_id,gp_kernel_resolved,k_top,method,n_global,n_local,n_obs,n_rep,n_sub,n_wells,peak_gpu_mem,phase,python,round,scenario,seed,tabpfn_model,torch_version,wall_s
9.18529936131315,9.777801307527717,,,,,,,d40_w96_k8x3_cv0.06,,0.06,cpu,cpu,,v2a,,8,gp_kb,1200,300,96,3,40,96,0,P1A,3.12.10,0,20,0,v2,2.14.0+cu130,0.41278576850891113
9.218373391747374,9.777801307527717,0.4895833333333333,0.4166666666666667,0.5333333333333333,2.4456642231935257,1.5899420236136017,,d40_w96_k8x3_cv0.06,,0.06,cpu,cpu,,v2a,"1.37**2 * Matern(length_scale=[100, 0.926, 100, 100, 100, 0.834, 2.09, 100, 100, 100, 100, 2.68, 100, 100, 100, 100, 100, 3.46, 3.03, 100, 1.73, 100, 100, 100, 100, 100, 0.923, 100, 100, 100, 100, 100",8,gp_kb,1200,300,192,3,40,96,0,P1A,3.12.10,1,20,0,v2,2.14.0+cu130,1.0193910598754883
10.651372220170208,10.05548600788952,0.4479166666666667,0.3888888888888889,0.48333333333333334,1.8255947819417238,0.6662639835056534,,d40_w96_k8x3_cv0.06,,0.06,cpu,cpu,,v2a,"0.827**2 * Matern(length_scale=[100, 100, 100, 100, 4.24, 2.31, 100, 100, 100, 100, 0.367, 3.36, 100, 100, 100, 100, 100, 4.62, 100, 100, 5.66, 100, 2.45, 100, 3.7, 100, 100, 4.24, 100, 100, 100, 4.38",8,gp_kb,1200,300,288,3,40,96,0,P1A,3.12.10,2,20,0,v2,2.14.0+cu130,20.82183599472046
11.452479759091212,10.745760217542118,0.6145833333333334,0.5833333333333334,0.6333333333333333,2.594456514046748,0.7064614129728657,,d40_w96_k8x3_cv0.06,,0.06,cpu,cpu,,v2a,"0.633**2 * Matern(length_scale=[100, 3.7, 0.98, 100, 100, 100, 100, 100, 100, 100, 0.444, 1.11, 100, 100, 1.73, 100, 5.11, 100, 100, 100, 4.11, 100, 6.77, 100, 2.4, 100, 100, 1.15, 100, 100, 100, 1.24",8,gp_kb,1200,300,384,3,40,96,0,P1A,3.12.10,3,20,0,v2,2.14.0+cu130,41.69685125350952
11.849802284593142,11.36153196017516,0.7395833333333334,0.8055555555555556,0.7,2.6681105623556225,0.7058589058690949,,d40_w96_k8x3_cv0.06,,0.06,cpu,cpu,,v2a,"0.82**2 * Matern(length_scale=[100, 16.6, 3.63, 100, 100, 100, 100, 100, 100, 100, 0.839, 1.18, 100, 14.3, 4.86, 100, 100, 7.82, 100, 1.13, 3.83, 100, 100, 6.09, 3.42, 100, 100, 2.78, 100, 100, 100, 1",8,gp_kb,1200,300,480,3,40,96,0,P1A,3.12.10,4,20,0,v2,2.14.0+cu130,79.62131643295288
28.018242130884143,30.226587281720818,,,,,,,d40_w96_k8x3_cv0.06,,0.06,cpu,cpu,,v2a,,8,gp_kb,1200,300,96,3,40,96,0,P1A,3.12.10,0,21,0,v2,2.14.0+cu130,1.1870176792144775
36.56035330414877,38.02883989678232,0.19791666666666666,0.1111111111111111,0.25,7.955992687357084,1.6299434923641762,,d40_w96_k8x3_cv0.06,,0.06,cpu,cpu,,v2a,"2.23**2 * Matern(length_scale=[100, 100, 100, 100, 100, 100, 1.02, 100, 15.4, 100, 12.6, 100, 3.72, 100, 87, 100, 8.07, 100, 92.5, 2.02, 100, 83.3, 100, 100, 100, 0.461, 100, 100, 1.18, 100, 2.67, 100",8,gp_kb,1200,300,192,3,40,96,0,P1A,3.12.10,1,21,0,v2,2.14.0+cu130,2.420072317123413
42.367531779313694,42.88385264729669,0.3854166666666667,0.3055555555555556,0.43333333333333335,8.103085816823395,1.0036934064664664,,d40_w96_k8x3_cv0.06,,0.06,cpu,cpu,,v2a,"0.841**2 * Matern(length_scale=[100, 100, 100, 100, 100, 100, 0.314, 1.3, 100, 0.92, 0.982, 100, 100, 100, 100, 100, 1.02, 100, 0.787, 100, 100, 100, 100, 100, 99.9, 0.122, 100, 100, 0.958, 100, 100, ",8,gp_kb,1200,300,288,3,40,96,0,P1A,3.12.10,2,21,0,v2,2.14.0+cu130,18.977414846420288
46.50092602844029,44.86086683908549,0.4270833333333333,0.3055555555555556,0.5,8.557709377696321,0.6324542915628526,,d40_w96_k8x3_cv0.06,,0.06,cpu,cpu,,v2a,"0.666**2 * Matern(length_scale=[100, 100, 100, 100, 0.92, 100, 1.26, 100, 56.7, 100, 0.305, 100, 100, 100, 1.45, 62.7, 0.91, 100, 5.32, 0.838, 100, 100, 2.85, 100, 2.43, 0.245, 100, 3.52, 1.95, 100, 1",8,gp_kb,1200,300,384,3,40,96,0,P1A,3.12.10,3,21,0,v2,2.14.0+cu130,95.51448321342468
51.954850050872984,48.5253066668785,0.6041666666666666,0.5833333333333334,0.6166666666666667,11.211720601095857,0.7114740479274684,,d40_w96_k8x3_cv0.06,,0.06,cpu,cpu,,v2a,"0.716**2 * Matern(length_scale=[1.43, 8.51, 2.77, 100, 1.4, 3.71, 3.11, 100, 1.41, 100, 0.561, 100, 100, 3.17, 1.64, 100, 0.693, 1.44, 1.52, 100, 100, 100, 100, 0.85, 5.73, 0.309, 2.17, 100, 100, 100,",8,gp_kb,1200,300,480,3,40,96,0,P1A,3.12.10,4,21,0,v2,2.14.0+cu130,207.7094922065735
17.394424053764077,16.670346060427136,,,,,,,d40_w96_k8x3_cv0.06_ambient,,0.06,cpu,cpu,ambient,v2a,,8,gp_kb,1200,300,96,3,40,96,0,B0,3.12.10,0,21,0,v2,2.14.0+cu130,1.8265659809112549
18.561279050432653,18.03142066432004,0.2604166666666667,0.19444444444444445,0.3,1.437702266392919,0.33435046643353383,,d40_w96_k8x3_cv0.06_ambient,,0.06,cpu,cpu,ambient,v2a,"1.32**2 * Matern(length_scale=[100, 12.1, 100, 0.589, 100, 0.709, 100, 100, 100, 100, 100, 100, 12.9, 100, 100, 100, 100, 100, 100, 100, 100, 89.9, 100, 15.8, 100, 100, 100, 100, 19.5, 22.6, 16.5, 41.",8,gp_kb,1200,300,192,3,40,96,0,B0,3.12.10,1,21,0,v2,2.14.0+cu130,2.271742105484009
19.510124130766897,18.0911890304241,0.65625,0.6944444444444444,0.6333333333333333,2.652422544155045,0.43188875487169665,,d40_w96_k8x3_cv0.06_ambient,,0.06,cpu,cpu,ambient,v2a,"1.23**2 * Matern(length_scale=[100, 100, 22.4, 0.572, 100, 1.31, 100, 100, 14.3, 21.6, 100, 100, 5.32, 76.1, 24.4, 100, 100, 100, 100, 100, 12.7, 100, 15.3, 100, 100, 100, 100, 24.1, 99, 100, 9.76, 10",8,gp_kb,1200,300,288,3,40,96,0,B0,3.12.10,2,21,0,v2,2.14.0+cu130,12.013307094573975
20.441297029944312,18.13857716701332,0.6875,0.5,0.8,2.8376762506852002,0.4690537987952938,,d40_w96_k8x3_cv0.06_ambient,,0.06,cpu,cpu,ambient,v2a,"1.34**2 * Matern(length_scale=[100, 34.8, 100, 0.56, 100, 1.53, 100, 31.2, 10.1, 19.6, 100, 100, 20.3, 100, 36.8, 100, 100, 29.8, 100, 100, 21.5, 100, 19.7, 100, 100, 100, 100, 18.5, 21, 100, 7.58, 10",8,gp_kb,1200,300,384,3,40,96,0,B0,3.12.10,3,21,0,v2,2.14.0+cu130,27.886902809143066
20.441297029944312,18.13857716701332,0.6979166666666666,0.6111111111111112,0.75,3.033509261159132,0.5328512265231489,,d40_w96_k8x3_cv0.06_ambient,,0.06,cpu,cpu,ambient,v2a,"1.6**2 * Matern(length_scale=[100, 100, 100, 0.639, 100, 1.78, 100, 45.4, 15.8, 23.4, 100, 100, 18.4, 100, 100, 29.6, 100, 100, 100, 100, 22, 32.2, 18.7, 100, 100, 100, 100, 26.7, 35.3, 100, 10.3, 100",8,gp_kb,1200,300,480,3,40,96,0,B0,3.12.10,4,21,0,v2,2.14.0+cu130,76.37479782104492
5.608560758144924,5.455500295291119,,,,,,,d40_w96_k8x3_cv0.06_ambient,,0.06,cpu,cpu,ambient,v2a,,8,gp_kb,1200,300,96,3,40,96,0,B0,3.12.10,0,20,0,v2,2.14.0+cu130,0.36790990829467773
7.768544281904639,7.594767671307581,0.53125,0.5277777777777778,0.5333333333333333,1.4340087524664373,1.171572729993636,,d40_w96_k8x3_cv0.06_ambient,,0.06,cpu,cpu,ambient,v2a,"1.3**2 * Matern(length_scale=[22.3, 100, 100, 0.652, 100, 0.776, 100, 0.522, 100, 100, 100, 100, 100, 100, 100, 100, 11.1, 100, 100, 100, 100, 100, 100, 100, 100, 100, 100, 100, 100, 100, 100, 7.91, 9",8,gp_kb,1200,300,192,3,40,96,0,B0,3.12.10,1,20,0,v2,2.14.0+cu130,2.4834887981414795
8.609429162673933,8.000749268102446,0.5833333333333334,0.6388888888888888,0.55,0.9908021743588797,0.4128116723990007,,d40_w96_k8x3_cv0.06_ambient,,0.06,cpu,cpu,ambient,v2a,"0.978**2 * Matern(length_scale=[9.85, 100, 100, 0.581, 100, 0.969, 3.98, 0.689, 100, 100, 100, 32.5, 100, 100, 100, 100, 100, 100, 100, 100, 100, 100, 100, 100, 100, 100, 100, 28.4, 100, 100, 100, 4.2",8,gp_kb,1200,300,288,3,40,96,0,B0,3.12.10,2,20,0,v2,2.14.0+cu130,15.213051319122314
8.712340753489467,8.16230602716034,0.7604166666666666,0.5277777777777778,0.9,1.2614772426290866,0.4119373613106471,,d40_w96_k8x3_cv0.06_ambient,,0.06,cpu,cpu,ambient,v2a,"1.02**2 * Matern(length_scale=[28.3, 20.3, 100, 0.77, 100, 1.18, 6.41, 0.778, 100, 100, 100, 100, 100, 100, 100, 59.7, 100, 100, 100, 100, 100, 100, 100, 100, 100, 100, 100, 100, 100, 100, 21.4, 6.33,",8,gp_kb,1200,300,384,3,40,96,0,B0,3.12.10,3,20,0,v2,2.14.0+cu130,47.47263026237488
8.876640746096472,8.16230602716034,0.6979166666666666,0.6666666666666666,0.7166666666666667,1.2852271928253962,0.4180306532037515,,d40_w96_k8x3_cv0.06_ambient,,0.06,cpu,cpu,ambient,v2a,"1.04**2 * Matern(length_scale=[29.6, 15, 100, 0.954, 1.22, 1.2, 4.61, 0.823, 100, 100, 100, 100, 100, 100, 18.8, 18.2, 100, 100, 100, 100, 100, 100, 100, 100, 19.6, 100, 100, 100, 100, 100, 100, 10.5,",8,gp_kb,1200,300,480,3,40,96,0,B0,3.12.10,4,20,0,v2,2.14.0+cu130,93.93959546089172
4.113282330693996,3.9087901364993987,,,,,,,d40_w96_k8x3_cv0.06_rotate,,0.06,cpu,cpu,rotate,v2a,,8,gp_kb,1200,300,96,3,40,96,0,B0,3.12.10,0,20,0,v2,2.14.0+cu130,0.31221842765808105
6.9383492147977055,7.571504103196361,0.21875,0.1388888888888889,0.26666666666666666,1.0097744077683581,1.0920703794499476,,d40_w96_k8x3_cv0.06_rotate,,0.06,cpu,cpu,rotate,v2a,"1.51**2 * Matern(length_scale=[100, 2.04, 2.99, 100, 100, 100, 100, 7.85, 7.09, 100, 0.793, 100, 100, 100, 100, 9.28, 100, 100, 100, 100, 100, 13.4, 100, 1.15, 100, 100, 1.96, 2.03, 13.7, 22.4, 11.9, ",8,gp_kb,1200,300,192,3,40,96,0,B0,3.12.10,1,20,0,v2,2.14.0+cu130,4.100623607635498
8.828941174320125,7.6832033862687625,0.3645833333333333,0.3888888888888889,0.35,1.9362251217412716,1.0603330320688042,,d40_w96_k8x3_cv0.06_rotate,,0.06,cpu,cpu,rotate,v2a,"0.867**2 * Matern(length_scale=[100, 0.494, 100, 100, 100, 0.85, 1.16, 100, 100, 100, 0.523, 0.999, 100, 1.5, 0.669, 100, 100, 100, 100, 100, 29.1, 100, 0.793, 100, 100, 1.23, 1.81, 1.48, 100, 1.9, 1.",8,gp_kb,1200,300,288,3,40,96,0,B0,3.12.10,2,20,0,v2,2.14.0+cu130,31.799806833267212
8.828941174320125,7.986990873730721,0.3854166666666667,0.3611111111111111,0.4,2.660854177317995,1.0899301048303998,,d40_w96_k8x3_cv0.06_rotate,,0.06,cpu,cpu,rotate,v2a,"0.773**2 * Matern(length_scale=[100, 0.864, 100, 0.482, 0.524, 100, 19.8, 100, 100, 0.574, 0.72, 0.77, 100, 1.15, 0.511, 100, 100, 0.698, 95.2, 100, 0.589, 100, 100, 1.95, 100, 100, 100, 1.44, 2.03, 0",8,gp_kb,1200,300,384,3,40,96,0,B0,3.12.10,3,20,0,v2,2.14.0+cu130,61.36922597885132
8.828941174320125,8.12594252966955,0.625,0.6388888888888888,0.6166666666666667,3.346259703560205,1.2736367375491136,,d40_w96_k8x3_cv0.06_rotate,,0.06,cpu,cpu,rotate,v2a,"0.852**2 * Matern(length_scale=[0.757, 60.8, 74.8, 1.28, 32.3, 100, 100, 46.1, 100, 99.9, 0.561, 0.659, 100, 1.69, 0.517, 100, 1.22, 0.794, 0.747, 100, 0.521, 1.29, 1.09, 5.16, 0.311, 62.3, 95.6, 1.76",8,gp_kb,1200,300,480,3,40,96,0,B0,3.12.10,4,20,0,v2,2.14.0+cu130,132.598326921463
18.214440620288766,17.829641801560978,,,,,,,d40_w96_k8x3_cv0.06_rotate,,0.06,cpu,cpu,rotate,v2a,,8,gp_kb,1200,300,96,3,40,96,0,B0,3.12.10,0,21,0,v2,2.14.0+cu130,1.4520912170410156
19.265727249392622,18.14973020484479,0.2916666666666667,0.25,0.31666666666666665,7.365084539208733,1.4075642017966852,,d40_w96_k8x3_cv0.06_rotate,,0.06,cpu,cpu,rotate,v2a,"2.02**2 * Matern(length_scale=[100, 100, 100, 4.22, 21, 100, 100, 100, 2.38, 99.8, 100, 3.76, 2.75, 100, 2.03, 100, 100, 100, 100, 8.83, 100, 100, 100, 100, 1.74, 4.06, 6.16, 4.38, 4.18, 100, 14, 100,",8,gp_kb,1200,300,192,3,40,96,0,B0,3.12.10,1,21,0,v2,2.14.0+cu130,5.354364633560181
19.622259595755462,18.255755345586618,0.6145833333333334,0.5833333333333334,0.6333333333333333,6.299968887784516,0.9550892169637994,,d40_w96_k8x3_cv0.06_rotate,,0.06,cpu,cpu,rotate,v2a,"1.08**2 * Matern(length_scale=[100, 100, 3.51, 2.46, 1.67, 100, 100, 0.698, 2.33, 100, 4.22, 5.73, 1.44, 100, 1.52, 100, 2.89, 2.87, 3.32, 100, 2.58, 4.58, 3.12, 100, 12.2, 100, 3.48, 2.74, 2.09, 100,",8,gp_kb,1200,300,288,3,40,96,0,B0,3.12.10,2,21,0,v2,2.14.0+cu130,14.298335313796997
20.413769711181278,18.301334969336406,0.59375,0.4166666666666667,0.7,6.566115334239228,0.9217244712407907,,d40_w96_k8x3_cv0.06_rotate,,0.06,cpu,cpu,rotate,v2a,"1.03**2 * Matern(length_scale=[100, 3.6, 4.97, 3, 14.8, 100, 100, 1.09, 2.69, 100, 3.13, 3.56, 4.36, 100, 4.72, 100, 2.34, 1.93, 1.65, 1.95, 2.9, 2.08, 100, 100, 4.47, 100, 5.41, 1.62, 1.32, 5.5, 100,",8,gp_kb,1200,300,384,3,40,96,0,B0,3.12.10,3,21,0,v2,2.14.0+cu130,65.04183959960938
20.413769711181278,18.37108713512791,0.65625,0.4722222222222222,0.7666666666666667,6.288114869102309,0.9223050880997853,,d40_w96_k8x3_cv0.06_rotate,,0.06,cpu,cpu,rotate,v2a,"0.983**2 * Matern(length_scale=[100, 100, 2.47, 2.49, 4.11, 100, 100, 1.23, 6.82, 3.23, 3.53, 100, 5.82, 8.34, 1.95, 100, 1.9, 2.91, 0.919, 4.76, 2.28, 1.23, 100, 100, 100, 100, 100, 0.854, 1.13, 3.42",8,gp_kb,1200,300,480,3,40,96,0,B0,3.12.10,4,21,0,v2,2.14.0+cu130,246.89302492141724
9.185299361313145,9.77780130752771,,,,,,,d40_w96_k8x3_cv0.06,13.0,0.06,NVIDIA A10,cuda,,v2a,,8,tabpfn_kb,1200,300,96,3,40,96,0,P1A,3.12.10,0,20,0,v2,2.14.0+cu130,0.337907075881958
10.537532525387366,9.77780130752771,0.7083333333333334,0.8055555555555556,0.65,5.551827907562256,3.609278990301337,,d40_w96_k8x3_cv0.06,13.0,0.06,NVIDIA A10,cuda,,v2a,,8,tabpfn_kb,1200,300,192,3,40,96,0,P1A,3.12.10,1,20,0,v2,2.14.0+cu130,12.280545234680176
10.88348235047137,10.490738685940146,0.8541666666666666,0.9166666666666666,0.8166666666666667,5.118388652801514,1.885806580347044,,d40_w96_k8x3_cv0.06,13.0,0.06,NVIDIA A10,cuda,,v2a,,8,tabpfn_kb,1200,300,288,3,40,96,0,P1A,3.12.10,2,20,0,v2,2.14.0+cu130,13.512036800384521
11.347275201243914,10.845728385922397,0.78125,0.75,0.8,3.649954080581665,1.0385261608522136,,d40_w96_k8x3_cv0.06,13.0,0.06,NVIDIA A10,cuda,,v2a,,8,tabpfn_kb,1200,300,384,3,40,96,0,P1A,3.12.10,3,20,0,v2,2.14.0+cu130,14.188452243804932
11.78639420850489,11.157810041911162,0.7083333333333334,0.6111111111111112,0.7666666666666667,2.5857698917388916,0.7025756226482036,,d40_w96_k8x3_cv0.06,13.0,0.06,NVIDIA A10,cuda,,v2a,,8,tabpfn_kb,1200,300,480,3,40,96,0,P1A,3.12.10,4,20,0,v2,2.14.0+cu130,15.051262140274048
28.018242130884143,30.226587281720818,,,,,,,d40_w96_k8x3_cv0.06,13.0,0.06,NVIDIA A10,cuda,,v2a,,8,tabpfn_kb,1200,300,96,3,40,96,0,P1A,3.12.10,0,21,0,v2,2.14.0+cu130,0.7273566722869873
37.5078217543264,38.059694917267706,0.46875,0.5277777777777778,0.43333333333333335,14.973709106445312,3.067662411679807,,d40_w96_k8x3_cv0.06,13.0,0.06,NVIDIA A10,cuda,,v2a,,8,tabpfn_kb,1200,300,192,3,40,96,0,P1A,3.12.10,1,21,0,v2,2.14.0+cu130,12.344055891036987
43.53938287676095,42.005674221645556,0.6666666666666666,0.9166666666666666,0.5166666666666667,20.33568000793457,1.9993112568738933,,d40_w96_k8x3_cv0.06,13.0,0.06,NVIDIA A10,cuda,,v2a,,8,tabpfn_kb,1200,300,288,3,40,96,0,P1A,3.12.10,2,21,0,v2,2.14.0+cu130,13.128966569900513
49.55594123861223,46.237883845302996,0.7291666666666666,0.75,0.7166666666666667,13.762534141540527,0.9268392554350848,,d40_w96_k8x3_cv0.06,13.0,0.06,NVIDIA A10,cuda,,v2a,,8,tabpfn_kb,1200,300,384,3,40,96,0,P1A,3.12.10,3,21,0,v2,2.14.0+cu130,14.015146732330322
51.26418298080977,48.045605041277206,0.65625,0.7222222222222222,0.6166666666666667,16.64595603942871,1.0646550374089092,,d40_w96_k8x3_cv0.06,13.0,0.06,NVIDIA A10,cuda,,v2a,,8,tabpfn_kb,1200,300,480,3,40,96,0,P1A,3.12.10,4,21,0,v2,2.14.0+cu130,15.01034164428711
4.113282330694,3.9087901364994018,,,,,,,d40_w96_k8x3_cv0.06_rotate,13.0,0.06,NVIDIA A10,cuda,rotate,v2a,,8,tabpfn_kb,1200,300,96,3,40,96,0,B0,3.12.10,0,20,0,v2,2.14.0+cu130,0.24937200546264648
7.4349961394510355,7.571504103196307,0.6458333333333334,0.8055555555555556,0.55,3.6854088306427,3.9857673051976814,,d40_w96_k8x3_cv0.06_rotate,13.0,0.06,NVIDIA A10,cuda,rotate,v2a,,8,tabpfn_kb,1200,300,192,3,40,96,0,B0,3.12.10,1,20,0,v2,2.14.0+cu130,14.558258295059204
8.317645141878822,7.8241669151671145,0.6875,0.8055555555555556,0.6166666666666667,4.995763301849365,2.6225132863121714,,d40_w96_k8x3_cv0.06_rotate,13.0,0.06,NVIDIA A10,cuda,rotate,v2a,,8,tabpfn_kb,1200,300,288,3,40,96,0,B0,3.12.10,2,20,0,v2,2.14.0+cu130,13.243320941925049
8.317645141878822,7.8306893574636,0.8958333333333334,0.9444444444444444,0.8666666666666667,4.5654802322387695,1.9879186495886263,,d40_w96_k8x3_cv0.06_rotate,13.0,0.06,NVIDIA A10,cuda,rotate,v2a,,8,tabpfn_kb,1200,300,384,3,40,96,0,B0,3.12.10,3,20,0,v2,2.14.0+cu130,14.069949865341187
8.317645141878822,7.8306893574636,0.8541666666666666,0.9722222222222222,0.7833333333333333,4.281904697418213,1.7122167513864224,,d40_w96_k8x3_cv0.06_rotate,13.0,0.06,NVIDIA A10,cuda,rotate,v2a,,8,tabpfn_kb,1200,300,480,3,40,96,0,B0,3.12.10,4,20,0,v2,2.14.0+cu130,14.790485382080078
5.608560758144923,5.45550029529108,,,,,,,d40_w96_k8x3_cv0.06_ambient,13.0,0.06,NVIDIA A10,cuda,ambient,v2a,,8,tabpfn_kb,1200,300,96,3,40,96,0,B0,3.12.10,0,20,0,v2,2.14.0+cu130,0.32651686668395996
7.741402246177412,7.997150601208749,0.8645833333333334,0.9166666666666666,0.8333333333333334,3.5316531658172607,2.885330046801123,,d40_w96_k8x3_cv0.06_ambient,13.0,0.06,NVIDIA A10,cuda,ambient,v2a,,8,tabpfn_kb,1200,300,192,3,40,96,0,B0,3.12.10,1,20,0,v2,2.14.0+cu130,14.873668432235718
8.30707912437459,7.998144700069635,0.6875,0.6111111111111112,0.7333333333333333,1.886309027671814,0.8447635390326144,,d40_w96_k8x3_cv0.06_ambient,13.0,0.06,NVIDIA A10,cuda,ambient,v2a,,8,tabpfn_kb,1200,300,288,3,40,96,0,B0,3.12.10,2,20,0,v2,2.14.0+cu130,13.249728441238403
9.327340356106616,8.101709076904289,0.71875,0.5555555555555556,0.8166666666666667,1.5228271484375,0.581180260246523,,d40_w96_k8x3_cv0.06_ambient,13.0,0.06,NVIDIA A10,cuda,ambient,v2a,,8,tabpfn_kb,1200,300,384,3,40,96,0,B0,3.12.10,3,20,0,v2,2.14.0+cu130,14.201597213745117
9.327340356106616,8.18946141133897,0.7604166666666666,0.6666666666666666,0.8166666666666667,1.4014922380447388,0.5284138646932801,,d40_w96_k8x3_cv0.06_ambient,13.0,0.06,NVIDIA A10,cuda,ambient,v2a,,8,tabpfn_kb,1200,300,480,3,40,96,0,B0,3.12.10,4,20,0,v2,2.14.0+cu130,15.057803630828857
18.214440620288766,17.829641801560978,,,,,,,d40_w96_k8x3_cv0.06_rotate,13.0,0.06,NVIDIA A10,cuda,rotate,v2a,,8,tabpfn_kb,1200,300,96,3,40,96,0,B0,3.12.10,0,21,0,v2,2.14.0+cu130,1.067674160003662
19.150324327651717,18.2877226682821,0.6041666666666666,0.7222222222222222,0.5333333333333333,15.944035530090332,3.047114194664854,,d40_w96_k8x3_cv0.06_rotate,13.0,0.06,NVIDIA A10,cuda,rotate,v2a,,8,tabpfn_kb,1200,300,192,3,40,96,0,B0,3.12.10,1,21,0,v2,2.14.0+cu130,14.704979419708252
19.399913928564366,18.2877226682821,0.84375,0.9722222222222222,0.7666666666666667,9.142241477966309,1.32503671811122,,d40_w96_k8x3_cv0.06_rotate,13.0,0.06,NVIDIA A10,cuda,rotate,v2a,,8,tabpfn_kb,1200,300,288,3,40,96,0,B0,3.12.10,2,21,0,v2,2.14.0+cu130,13.027727127075195
19.891157964244297,18.2877226682821,0.8020833333333334,0.9166666666666666,0.7333333333333333,9.312370300292969,1.386829928310406,,d40_w96_k8x3_cv0.06_rotate,13.0,0.06,NVIDIA A10,cuda,rotate,v2a,,8,tabpfn_kb,1200,300,384,3,40,96,0,B0,3.12.10,3,21,0,v2,2.14.0+cu130,13.963623762130737
20.18239271158578,18.2877226682821,0.6666666666666666,0.8055555555555556,0.5833333333333334,8.674664497375488,1.328701406246922,,d40_w96_k8x3_cv0.06_rotate,13.0,0.06,NVIDIA A10,cuda,rotate,v2a,,8,tabpfn_kb,1200,300,480,3,40,96,0,B0,3.12.10,4,21,0,v2,2.14.0+cu130,14.898717403411865
17.394424053763757,16.670346060428532,,,,,,,d40_w96_k8x3_cv0.06_ambient,13.0,0.06,NVIDIA A10,cuda,ambient,v2a,,8,tabpfn_kb,1200,300,96,3,40,96,0,B0,3.12.10,0,21,0,v2,2.14.0+cu130,1.807929277420044
19.111750694585613,18.031420664318727,0.6666666666666666,0.5277777777777778,0.75,3.671415328979492,0.8538203335568096,,d40_w96_k8x3_cv0.06_ambient,13.0,0.06,NVIDIA A10,cuda,ambient,v2a,,8,tabpfn_kb,1200,300,192,3,40,96,0,B0,3.12.10,1,21,0,v2,2.14.0+cu130,14.369084119796753
19.461537758944107,18.09322146646677,0.71875,0.8888888888888888,0.6166666666666667,3.9686899185180664,0.6514507861314949,,d40_w96_k8x3_cv0.06_ambient,13.0,0.06,NVIDIA A10,cuda,ambient,v2a,,8,tabpfn_kb,1200,300,288,3,40,96,0,B0,3.12.10,2,21,0,v2,2.14.0+cu130,13.001702070236206
19.929364012493984,18.09322146646677,0.75,0.7777777777777778,0.7333333333333333,4.084138870239258,0.7017732890235207,,d40_w96_k8x3_cv0.06_ambient,13.0,0.06,NVIDIA A10,cuda,ambient,v2a,,8,tabpfn_kb,1200,300,384,3,40,96,0,B0,3.12.10,3,21,0,v2,2.14.0+cu130,13.852295160293579
19.929364012493984,18.09322146646677,0.6666666666666666,0.6666666666666666,0.6666666666666666,3.914717674255371,0.7153924602939657,,d40_w96_k8x3_cv0.06_ambient,13.0,0.06,NVIDIA A10,cuda,ambient,v2a,,8,tabpfn_kb,1200,300,480,3,40,96,0,B0,3.12.10,4,21,0,v2,2.14.0+cu130,14.799909353256226
