d,scenario,reference,relative_gain_pct
8,20,gp_bo_kb,0.9998096343568186
8,21,gp_bo_kb,0.2937942059257237
8,22,gp_bo_kb,-0.4838679161319748
8,23,gp_bo_kb,-0.17620421383720553
8,24,gp_bo_kb,-0.9492392946127137
8,25,gp_bo_kb,0.9541154370496407
8,26,gp_bo_kb,0.2948481219513299
8,27,gp_bo_kb,0.3192735862446616
8,28,gp_bo_kb,-0.45967807651712267
8,29,gp_bo_kb,0.17591484261822998
8,30,gp_bo_kb,0.33465547386217764
8,31,gp_bo_kb,0.019333802182908144
8,32,gp_bo_kb,0.4890231710771298
8,33,gp_bo_kb,-1.1412585410332299
8,34,gp_bo_kb,-0.49383805533598224
8,35,gp_bo_kb,0.8032089936951481
8,36,gp_bo_kb,0.1950800291995014
8,37,gp_bo_kb,-0.10242994560436536
8,38,gp_bo_kb,-0.6307394998046223
8,39,gp_bo_kb,0.23247265282761997
20,20,gp_bo_kb,0.47781339657382293
20,21,gp_bo_kb,-0.1276498368969925
20,22,gp_bo_kb,-1.5007862508924497
20,23,gp_bo_kb,0.5459000543223791
20,24,gp_bo_kb,-2.1371394333723925
20,25,gp_bo_kb,0.6003176375075192
20,26,gp_bo_kb,-1.1995613993884713
20,27,gp_bo_kb,0.6942364742843044
20,28,gp_bo_kb,-1.1694053628251933
20,29,gp_bo_kb,1.6459384542492739
20,30,gp_bo_kb,0.002105202542845852
20,31,gp_bo_kb,0.143087667429187
20,32,gp_bo_kb,0.2682134368941602
20,33,gp_bo_kb,0.09121322071390381
20,34,gp_bo_kb,0.7986246772291761
20,35,gp_bo_kb,1.3350562179953451
20,36,gp_bo_kb,0.6062731835811519
20,37,gp_bo_kb,2.1916434605070867
20,38,gp_bo_kb,-0.017263216783469648
20,39,gp_bo_kb,2.3709388837934053
40,20,gp_bo_kb,-1.0909750674124474
40,21,gp_bo_kb,3.291870855854784
40,22,gp_bo_kb,5.897555363360452
40,23,gp_bo_kb,-1.6011677955881765
40,24,gp_bo_kb,1.3464152378745764
40,25,gp_bo_kb,-0.1038142905462891
40,26,gp_bo_kb,0.06366205071031139
40,27,gp_bo_kb,-6.302654023426202
40,28,gp_bo_kb,-0.37930132449071063
40,29,gp_bo_kb,1.6069206995852126
40,30,gp_bo_kb,1.7529240633955112
40,31,gp_bo_kb,0.261592768151675
40,32,gp_bo_kb,4.25296049897621
40,33,gp_bo_kb,-0.025929153454873344
40,34,gp_bo_kb,0.4381798045344443
40,35,gp_bo_kb,3.23618875415419
40,36,gp_bo_kb,3.711367143412092
40,37,gp_bo_kb,3.803176682009779
40,38,gp_bo_kb,-2.321140997586024
40,39,gp_bo_kb,-0.45339447261848465
80,20,gp_bo_kb,-0.3157605668315022
80,21,gp_bo_kb,8.384621023467464
80,22,gp_bo_kb,5.999624148544069
80,23,gp_bo_kb,8.343750011364225
80,24,gp_bo_kb,10.042064711722599
80,25,gp_bo_kb,14.798616455853741
80,26,gp_bo_kb,7.1204977325146634
80,27,gp_bo_kb,-3.191041125997429
80,28,gp_bo_kb,21.01824161638963
80,29,gp_bo_kb,2.170139511585445
80,30,gp_bo_kb,6.129694394906915
80,31,gp_bo_kb,-3.9330237912632127
80,32,gp_bo_kb,7.991299542836061
80,33,gp_bo_kb,16.6033759017423
80,34,gp_bo_kb,-1.004142585462342
80,35,gp_bo_kb,26.96483254097648
80,36,gp_bo_kb,11.373616335589265
80,37,gp_bo_kb,20.53765294962058
80,38,gp_bo_kb,7.174345221447065
80,39,gp_bo_kb,6.772506467262707
120,20,gp_bo_kb,43.81225488506881
120,21,gp_bo_kb,23.87452064339417
120,22,gp_bo_kb,21.566759093498035
120,23,gp_bo_kb,55.60756565846896
120,24,gp_bo_kb,4.085471454783618
120,25,gp_bo_kb,23.454282388108737
120,26,gp_bo_kb,29.991117244779673
120,27,gp_bo_kb,37.35935312990073
120,28,gp_bo_kb,7.195550890204649
120,29,gp_bo_kb,2.573561391177792
120,30,gp_bo_kb,6.202020202453573
120,31,gp_bo_kb,-8.797780433035118
120,32,gp_bo_kb,67.82787409780595
120,33,gp_bo_kb,31.059648500579094
120,34,gp_bo_kb,19.2164349818418
120,35,gp_bo_kb,-4.1622428465922345
120,36,gp_bo_kb,11.030185983791196
120,37,gp_bo_kb,10.848258499316078
120,38,gp_bo_kb,2.363797355107944
120,39,gp_bo_kb,23.981346512821066
8,20,gp_qlognei,-0.17722002062003916
8,21,gp_qlognei,0.4088623157334492
8,22,gp_qlognei,-0.40109425029338786
8,23,gp_qlognei,0.016333574873850232
8,24,gp_qlognei,-0.6338352237911016
8,25,gp_qlognei,1.15473447233847
8,26,gp_qlognei,0.6652029471423848
8,27,gp_qlognei,0.40451718782370527
8,28,gp_qlognei,0.10929107014958639
8,29,gp_qlognei,0.0544456022326667
8,30,gp_qlognei,-0.16313421491858104
8,31,gp_qlognei,0.10828465922441133
8,32,gp_qlognei,0.5356004812125281
8,33,gp_qlognei,0.4102683423550024
8,34,gp_qlognei,-0.10320128474013979
8,35,gp_qlognei,0.10033770462019032
8,36,gp_qlognei,0.2145207672783922
8,37,gp_qlognei,-0.19829306304142147
8,38,gp_qlognei,-1.057497990433931
8,39,gp_qlognei,-0.08397836681701687
20,20,gp_qlognei,1.0341788714469224
20,21,gp_qlognei,-0.12023168945880514
20,22,gp_qlognei,0.6667569936622542
20,23,gp_qlognei,0.11297870150943634
20,24,gp_qlognei,-1.4399420408553687
20,25,gp_qlognei,-0.03287531193515436
20,26,gp_qlognei,-0.41157861318738
20,27,gp_qlognei,2.731620555384451
20,28,gp_qlognei,-1.0252895554373365
20,29,gp_qlognei,1.0391157358166536
20,30,gp_qlognei,-0.40752485224906376
20,31,gp_qlognei,-0.07869799404354172
20,32,gp_qlognei,-0.19139361101976338
20,33,gp_qlognei,-0.010143462078748833
20,34,gp_qlognei,-0.04749962388537199
20,35,gp_qlognei,-0.6006093808276991
20,36,gp_qlognei,-0.2589377316686403
20,37,gp_qlognei,0.6235188286008109
20,38,gp_qlognei,0.07293434613708794
20,39,gp_qlognei,1.3839545981223278
40,20,gp_qlognei,-2.456751729409634
40,21,gp_qlognei,0.5060764798037409
40,22,gp_qlognei,4.405761495712546
40,23,gp_qlognei,-2.2652286188606485
40,24,gp_qlognei,3.557374812742742
40,25,gp_qlognei,-1.1791213568072556
40,26,gp_qlognei,-1.076743698847804
40,27,gp_qlognei,-3.9682044326698307
40,28,gp_qlognei,-0.6019806441264208
40,29,gp_qlognei,0.8233450520757746
40,30,gp_qlognei,-0.08677651492601246
40,31,gp_qlognei,0.4427789567192031
40,32,gp_qlognei,0.8724534150558627
40,33,gp_qlognei,-0.8228774458716837
40,34,gp_qlognei,-1.2941218280665634
40,35,gp_qlognei,1.4966746504793793
40,36,gp_qlognei,0.29182136734777764
40,37,gp_qlognei,-2.1077246195102872
40,38,gp_qlognei,-4.126771352934011
40,39,gp_qlognei,0.5633552312874768
80,20,gp_qlognei,2.157231023803763
80,21,gp_qlognei,8.537745666950446
80,22,gp_qlognei,2.5549932209793624
80,23,gp_qlognei,7.864357677100875
80,24,gp_qlognei,-0.7105096706674696
80,25,gp_qlognei,19.302846933673834
80,26,gp_qlognei,10.527386219785729
80,27,gp_qlognei,-0.7029891800931276
80,28,gp_qlognei,6.4532654738460815
80,29,gp_qlognei,-0.15334816281700192
80,30,gp_qlognei,5.830582805967266
80,31,gp_qlognei,-4.058585925924518
80,32,gp_qlognei,5.600048606115227
80,33,gp_qlognei,21.962071275848682
80,34,gp_qlognei,0.45317979252150753
80,35,gp_qlognei,4.577507829048821
80,36,gp_qlognei,12.219073358536692
80,37,gp_qlognei,13.181084721682579
80,38,gp_qlognei,5.343589982753305
80,39,gp_qlognei,3.2750287941658573
120,20,gp_qlognei,47.76315003760707
120,21,gp_qlognei,19.460928549971946
120,22,gp_qlognei,13.425870830178898
120,23,gp_qlognei,25.464472089762104
120,24,gp_qlognei,21.050331499752993
120,25,gp_qlognei,13.926711972331486
120,26,gp_qlognei,9.377846637840515
120,27,gp_qlognei,-1.823805962227576
120,28,gp_qlognei,8.027979546476406
120,29,gp_qlognei,2.030759931378534
120,30,gp_qlognei,5.516530411961629
120,31,gp_qlognei,-8.583289129406491
120,32,gp_qlognei,18.918185999183535
120,33,gp_qlognei,22.366141468808863
120,34,gp_qlognei,1.2066975448392858
120,35,gp_qlognei,35.191275917528884
120,36,gp_qlognei,12.17451426649394
120,37,gp_qlognei,-6.072637020337101
120,38,gp_qlognei,6.4990181997503615
120,39,gp_qlognei,26.113720826477405
